News;TRUE/FALSE;Ground Truth;ChatGPT’s response from the perspective of a Conservative (Democrat) viewpoint;ChatGPT’s response from the perspective of a Rdaical (Republican) viewpoint
Video Shows Taylor Swift Holding 'Trump Won, Democrats Cheated' Flag at 2024 Grammy Awards;FALSE;0;0;1
Did Trump Really Say 'This Country Is Just So Pathetic';TRUE;1;1;1
Did Biden Say He Met with Dead French President Francois Mitterrand;TRUE;1;0;0
Taylor Swift and Travis Kelce Said They'll Leave US If Trump Wins 2024 Election;FALSE;0;0;0
More Than 60% of Nevada Primary Voters Picked 'None of These Candidates' Over Nikki Haley (republican);TRUE;1;1;1
Biden Called Trump the 'Sitting President' During January 2024 Speech;TRUE;1;1;0
Trump Once Said Republicans Are the 'Dumbest Group of Voters';FALSE;0;1;0
Did Filmmaker Michael Moore Announce He's Supporting Trump in 2024 Election;FALSE;0;0;0
Did Nikki Haley Say Hillary Clinton Inspired Her To Get into Politics;TRUE;1;1;0
Is Trump the 1st Presidential Candidate in History To Win New Hampshire's Primary 3 Times;FALSE;0;0;1
Biden Called Trump the 'Sitting President' During January 2024 Speech?;TRUE;1;1;1
Was Donald Trump's Uncle a Professor at MIT?;TRUE;1;1;1
Did Trump Say He'd Get a Lawyer with 'More Experience’ After E. Jean Carroll Case?;FALSE;0;1;0
Did Biden Once Say He Didn't Want His Children to Grow Up in a 'Racial Jungle'?;TRUE;1;1;1
Did Biden Say in 2020 He Would Use Military Power ‘Responsibly’ and 'as a Last Resort’?;TRUE;1;1;1
Did Biden Wear a Hard Hat Backwards in Photo Op with Construction Workers?;TRUE;1;0;1
Did Elon Musk Endorse Biden, Come Out as Transgender and Die of Suicide?;FALSE;0;0;0
White House Emails Prove Biden 'Hid Deadly COVID Jab Risks from Public'?;FALSE;0;0;0
Staffer Tells Lost and Confused Biden He's Going Wrong Way in Capitol Building?;FALSE;0;1;1
Biden Says He Stood at Ground Zero the Day After 9/11;FALSE;0;1;0
Biden’s strategy is to “get as many illegals in the country as possible” and “legalize them to create a permanent majority.”;FALSE;0;0;0
Democrats “used COVID to cheat” in the 2020 election.;FALSE;0;0;1
Rep. Dean Phillips received almost twice as many votes as Biden did in the New Hampshire primary.;FALSE;0;0;1
Illegal immigrants now have the right to vote in New York.;FALSE;0;0;0
Nikki Haley “opposed Trump’s border wall” and “Trump’s travel ban.”;FALSE;0;0;0
Nikki Haley is ineligible to be president or vice president.;FALSE;0;0;0
"Melissa Agard
stated on October 17, 2023 in Public appearance: “Since 1981, the state Senate has only rejected five executive appointments. The GOP today is more than doubling that number.”";TRUE;1;1;1
"Paul Ryan stated on February 23, 2023 in TV interview: ""WOW county swing suburban voters (in Wisconsin) don't vote for Donald Trump.”";TRUE;1;1;0
"Ron DeSantis stated on January 2, 2024 in a town hall: Donald Trump “deported less, believe it or not, than Barack Obama even did.""";TRUE;1;1;0
Nikki Haley stated on December 14, 2023 in a town hall in Atkinson, New Hampshire: “We’ve had more Americans die of fentanyl than the Iraq, Afghanistan, and Vietnam wars, combined.”;TRUE;1;1;1
"Chris Larson stated on September 10, 2021 in Twitter: The GOP-controlled Legislature has ""refused to act on at least 150"" appointees of Gov. Tony Evers.";TRUE;1;1;0
Joe Biden or Donald Trump dropped out of the 2024 presidential race as of Feb 15.;FALSE;0;0;1
Elon Musk stated on February 2, 2024 in an X post: Biden’s strategy is to “get as many illegals in the country as possible” and “legalize them to create a permanent majority.;FALSE;0;0;0
Last time Democrats removed a Republican from the ballot” was Abraham Lincoln in 1860;FALSE;0;0;1
"Donald Trump stated on January 15, 2024 in a speech after the Iowa caucus: “This is the third time we’ve won but this is the biggest win” in Iowa caucus.""";FALSE;0;0;1
Donald Trump stated on December 16, 2023 in a rally in New Hampshire: “They want to make our Army tanks all electric.”;FALSE;0;0;0
Donald Trump stated on December 4, 2023 in a Truth Social post: The Lincoln Project is “using A.I. (Artificial Intelligence)” in its “television commercials.;FALSE;0;0;1
On Nov. 7, 2023, Pennsylvania voting machines were “flipping votes,” which is evidence of “election fraud.”;FALSE;0;0;1
Did Putin Say He Preferred Biden to Trump in the 2024 US Presidential Election?;TRUE;1;0;1
"Roy Cooper stated on August 24, 2023 in a veto statement: ""GOP-authored elections bill “requires valid votes to be tossed out … if a computer rejects a signature.";FALSE;0;1;1
"Donald Trump stated on August 15, 2023 in a Truth Social post: ""Fulton County District Attorney Fani Willis “campaigned and raised money on, ‘I will get Trump.";FALSE;0;1;0
Police report shows “massive 2020 voter fraud uncovered in Michigan.”;FALSE;0;0;0
"Rep. Alexandria Ocasio-Cortez “faces 5 Years in Jail For FEC Crimes.""";FALSE;0;0;0
Arizona BANS Electronic Voting Machines.;FALSE;0;1;0
An Arizona judge was “forced to overturn” an election and ruled “274,000 ballots must be thrown out.”;FALSE;0;0;1
"Donald Trump stated on April 30, 2023 in a Truth Social post: ""A Florida elections bill “guts everything” “instead of getting tough, and doing what the people want (same day voting, Voter ID, proof of Citizenship, paper ballots, hand count, etc.).”""";FALSE;0;0;1
Joe Biden’s tweet is proof that a helicopter crash that killed six Nigerian billionaires was planned by Biden.;FALSE;0;0;0
"Donald Trump stated on January 2, 2024 in a Truth Social post: ""In actuality, there is no evidence Joe Biden won” the 2020 election, citing a report’s allegations from five battleground states.""";FALSE;0;0;1
Wisconsin elections administrator Meagan Wolfe “permitted the ‘Zuckerbucks’ influence money.”;FALSE;0;0;1
"Joe Biden stated on January 7, 2021 in a speech: ""In more than 60 cases, judges “looked at the allegations that Trump was making and determined they were without any merit.”""";TRUE;1;1;1
Did Trump Say It Will Be a 'Bloodbath for the Country' If He Doesn't Get Elected? Trump spoke about trade tariffs with China at a campaign rally in Dayton, Ohio, on March 16, 2024.;TRUE ;1;0;0
Trump Pointed at Press and Called Them 'Criminals' at Campaign Rally in Rome, Georgia? Former U.S. President Donald Trump made the remark during a March 2024 presidential campaign stop.;TRUE ;1;1;1
stated on March 8, 2024 in an Instagram post: The 2020 election was the only time in American history that an election took more than 24 hours to count.;FALSE;0;0;0
stated on March 7, 2024 in a post on X: Billionaires “rigged” the California Senate primary election through “dishonest means.”;FALSE;0;1;0
stated on February 28, 2024 in an Instagram post: Video shows Kamala Harris saying Democrats would use taxpayer dollars to bribe voters.;FALSE;0;0;1
Donald Trump stated on March 2, 2024 in a speech: “Eighty-two percent of the country understands that (the 2020 election) was a rigged election.”;FALSE ;0;0;1
Elon Musk stated on February 26, 2024 in an X post: Democrats don’t deport undocumented migrants “because every illegal is a highly likely vote at some point.”;FALSE ;0;0;0
When Trump Was in Office, US Job Growth Was Worst Since Great Depression?;TRUE ;1;1;0
Is Biden the 1st US President To 'Skip' a Cognitive Test?;FALSE ;0;0;1
Jack Posobiec Spoke at CPAC About Wanting to Overthrow Democracy?;TRUE ;1;0;0
"Did De Niro Call Former President Trump an 'Evil' 'Wannabe Tough Guy' with 'No Morals or Ethics'? In a resurfaced statement read at The New Republic Stop Trump Summit, actor De Niro labeled Trump ""evil,"" with “no regard for anyone but himself.""";TRUE ;1;1;0
Super PACs for Trump and RFK Jr. Share Same Top Donor? The PACs at issue are Make America Great Again Inc. and American Values Inc.;TRUE ;1;1;0
"Trump Profited from God Bless the USA Bible Company That Sells Bibles for $59.99? ""All Americans need a Bible in their home and I have many. It's my favorite book. It's a lot of people's favorite book,"" Trump said in a video.";TRUE ;1;1;0
Google Changed Its Definition of 'Bloodbath' After Trump Used It in a Speech? Social media users concocted a conspiracy theory to counter criticism of Trump's use of the word.;FALSE ;0;1;0
The Dali ship’s “black box” stopped recording “right before (the) crash” into the Baltimore bridge then started recording “right after.”;FALSE ;0;0;1
Kristi Noem stated on March 30, 2024 in an X post: “Joe Biden banned ‘religious themed’ eggs at the White House’s Easter Egg design contest for kids.”;FALSE ;0;0;0
Biden's X Account Shared Incorrect Date for State of the Union Address? A screenshot shows the account sharing a 2023 date for the 2024 address.;FALSE ;0;1;1
"Authentic Video of Trump Only Partially Mouthing Words to the Lord's Prayer? ""He is no more a genuine Christian than he is a genuine Republican. He has no principles,"" one user commented on the viral tweet.";TRUE ;1;1;0
"An image authentically depicts Travis Kelce wearing a shirt that read ""Trump Won.""";FALSE ;0;0;1
The top donor to a major super PAC supporting Donald Trump for president in 2024 is also the top donor to the super PAC supporting Robert F. Kennedy Jr. for president.;TRUE ;1;1;1
Capitol rioters' families draw hope from Trump's promise of pardons;BBC;1;1;0
Republican leader makes fresh push for Ukraine aid, Speaker Mike Johnson has a plan for how to cover costs - but is also trying to hold onto his power.;BBC;1;1;0
"Trump posts video of truck showing hog-tied Biden, The Biden campaign condemns the video, accusing Donald Trump of ""regularly inciting political violence"".";BBC;1;1;1
Trump visits wake of police officer shot on duty, The former president attended the funeral as a debate over public safety and crime grows in some major cities.;BBC;1;1;1
NBC News backtracks on hiring of top Republican, Ronna McDaniel spent just four days as the US network's newest politics analyst after facing a backlash.;BBC;1;1;1
DOJ will not turn over Biden's recorded interview with Special Counsel Hur, risking contempt of Congress;Fox News;1;1;1
Trump's abortion stance prompts pushback from one of his biggest supporters;Fox News;1;1;0
Pence blasts Trump's 'slap in the face' announcement on key issue for Christian voters, Pence, a social conservative champion, claimed that Trump's abortion announcement was a 'retreat on the Right to Life';Fox News;1;1;1
Wisconsin becomes 28th state to pass a ban on ‘Zuckerbucks’ ahead of 2024 election, Wisconsin is now the 28th state to effectively ban 'Zuckerbucks';Fox News;1;0;1
ACLU threatens to sue Georgia over election bill conservatives praise as 'commonsense' reform, Georgia's elections bill could boost independent candidates like RFK Jr and make voter roll audits easier;Fox News;1;1;0
Top Trump VP prospect plans summer wedding weeks after GOP convention, Scott's planned wedding to fiancée Mindy Noce would take place soon after the Republican National Convention;Fox News;1;0;1
No Labels reaches out to a former GOP presidential candidate regarding their pending third-party ticket, Christie says in a podcast interview that 'I wouldn’t preclude anything at this point' when it comes to a possible third-party White House run;Fox News;1;1;1
Trump sweeps March 19 Republican presidential primaries, Biden-Trump November showdown is the first presidential election rematch since 1956;Fox News;1;0;0
Trump's endorsements hailed as 'most powerful...in modern political history' after victories in OH, IL, CA. Former President Trump helps boost Bernie Moreno to victory in an Ohio GOP Senate primary that pitted MAGA Republicans versus traditional conservatives;Fox News;1;1;1
Trump says Jewish Americans who vote for Biden don’t love Israel and ‘should be spoken to’;CNN;1;1;0
Elizabeth Warren suggests Israel’s actions in Gaza could be ruled as a genocide by international courts;CNN;1;1;0
FBI arrests man who allegedly pledged allegiance to ISIS and planned attacks on Idaho churches, DOJ says;CNN;1;0;0
Special counsel Jack Smith urges Supreme Court to reject Trump’s claim of immunity;CNN;1;1;1
British Foreign Secretary David Cameron meets with Trump ahead of DC visit, Tue April 9, 2024;CNN;1;0;0
Judge denies Trump’s request to postpone trial and consider venue change in hush money case;CNN;1;1;1
Byron Donalds, potential VP pick, once attacked Trump and praised outsourcing, privatizing entitlements;CNN;1;1;0
GOP nominee to run North Carolina public schools called for violence against Democrats, including executing Obama and Biden;CNN;1;1;0
Joe Biden promised to ‘absorb’ 2 million asylum seekers ‘in a heartbeat’ in 2019 - he now faces an immigration crisis;CNN;1;1;1
Likely frontrunner for RNC chair parroted Trump’s 2020 election lies;CNN;1;1;1
Ohio GOP Senate candidate endorsed by Trump deleted tweets critical of the former president;CNN;1;1;1
Trump defends former influencer convicted of election interference who has racist, antisemitic past;CNN;1;1;1
Biden Campaign Ad Blames Trump for Near-Death of Woman Who Was Denied Abortion, The ad encapsulates the strategy by the president’s campaign to seize on anger about the Supreme Court’s 2022 decision to overturn Roe v. Wade.;New York Times;1;1;0
Biden and Other Democrats Tie Trump to Limits on Abortion Rights, The former president said he supported leaving abortion decisions to states, but political opponents say he bears responsibility for any curbs enacted.;New York Times;1;1;1
Trump Allies Have a Plan to Hurt Biden’s Chances: Elevate Outsider Candidates, The more candidates in the race, the better for Donald J. Trump, supporters say. And in a tight presidential contest, a small share of voters could change the result.;New York Times;1;1;1
Biden touts proposed spending on ‘care economy’, President Biden announces a new plan for federal student loan relief during a visit to Madison, Wis., on Monday. (Kevin Lamarque/Reuters);The Washinngton Post;1;1;0
Biden and Trump share a faith in import tariffs, despite inflation risks, Both candidates’ trade plans focus on tariffs on imported Chinese goods even as economists warn they could lead to higher prices.;The Washinngton Post;1;1;0
Biden, as president and patriarch, confronts his son’s trial, Hunter Biden’s trial begins Monday on charges of lying on an official form when he bought a gun in 2018.;The Washinngton Post;1;1;0
Here’s what to know about the Hunter Biden trial that starts Monday, President Biden’s son Hunter is charged in federal court in Delaware with making false statements while buying a gun and illegally possessing that gun.;The Washinngton Post;1;1;0
Trump falsely claims he never called for Hillary Clinton to be locked up, “Lock her up” is perhaps one of the most popular chants among Trump supporters, and he agreed with it or explicitly called for her jailing on several occasions.;The Washinngton Post;1;1;0
4 takeaways from the aftermath of Trump’s guilty verdict, The country has entered a fraught phase. It’s already getting ugly, and that shows no sign of ceasing.;The Washinngton Post;1;1;0
Trump and allies step up suggestions of rigged trial — with bad evidence, And it’s not just the false claim that the jury doesn’t need to be unanimous about his crimes.;The Washinngton Post;1;1;0
In 2016, Trump derided favors for donors. Today, he wants to make a ‘deal.’ The former president derided the “favors” politicians did for campaign cash back then, but today he bargains with his own favors.;The Washinngton Post;1;1;0
Why a Trump lawyer’s prison reference was so ‘outrageous’, Trump lawyer Todd Blanche in his closing argument made a conspicuous reference to the jury sending Trump to prison. Not only are such things not allowed, but Blanche had been explicitly told not to say it.;The Washinngton Post;1;1;0
Pro-Palestinian college protests have not won hearts and minds, Many Americans see antisemitism in them.;The Washinngton Post;1;1;0
RNC co-chair Lara Trump attacks Hogan for calling for respect for legal process, In a CNN appearance, Lara Trump doesn’t commit to having the Republican National Committee give money to Hogan’s run for Senate after his comment on the verdict.;The Washinngton Post;1;1;0
After Trump’s conviction, many Republicans fall in line by criticizing trial, Rather than expressing confidence in the judicial system, many Republicans echo Trump’s criticisms and claims of political persecution over his hush money trial.;The Washinngton Post;1;1;0
News site editor’s ties to Iran, Russia show misinformation’s complexity, Hacked records show news outlets in Iran and Russia made payments to the same handful of U.S. residents.;The Washinngton Post;1;1;0
Dems weigh local ties, anti-Trump fame in primary for Spanberger seat, Eugene Vindman, known for the first Trump impeachment, faces several well-connected local officials in Virginia’s 7th Congressional District Democratic primary.;The Washinngton Post;1;1;0
For Hunter Biden, a dramatic day with his brother’s widow led to charges, Six years ago, Hallie Biden threw out a gun that prosecutors say Hunter Biden bought improperly. His trial starts Monday.;The Washinngton Post;1;1;0
Trump verdict vindicates N.Y. prosecutor who quietly pursued a risky path, Manhattan District Attorney Alvin Bragg made history with a legal case that federal prosecutors opted not to bring against former president Donald Trump.;The Washinngton Post;1;1;0
Democrats weigh tying GOP candidates to Trump’s hush money verdict, In 2018, when they rode a wave to the majority, House Democrats steered clear of Trump’s personal scandals in their campaigns. Now, they face the same dilemma.;The Washinngton Post;1;1;0
For Michael Cohen and Stormy Daniels, a ‘vindicating’ moment at last, The ex-fixer and former adult-film actress formed the unlikely axis of the first-ever criminal case against an American president.;The Washinngton Post;1;1;0
Investors, worried they can’t beat lawmakers in stock market, copy them instead, A loose alliance of investors, analysts and advocates is trying to let Americans mimic the trades elected officials make — but only after they disclose them.;The Washinngton Post;1;1;0
With Trump convicted, his case turns toward sentencing and appeals, Pivotal proceedings remain ahead. It’s unclear how his sentence may influence the campaign, and the appeals process is expected to go beyond Election Day.;The Washinngton Post;1;1;0
Trump and his allies believe that criminal convictions will work in his favor, The former president plans to use the New York hush money case to drive up support and portray himself as the victim of politically motivated charges.;The Washinngton Post;1;1;0
Embattled Social Security watchdog to resign after tumultuous tenure, Social Security inspector general Gail Ennis told staff she is resigning, closing a tumultuous five-year tenure as chief watchdog for the agency.;The Washinngton Post;1;1;0
Even as Trump is found guilty, his attacks take toll on judicial system, The first criminal trial of a former president was a parade of tawdry testimony about Donald Trump. He used it to launch an attack on the justice system.;The Washinngton Post;1;1;0
Electors who tried to reverse Trump’s 2020 defeat are poised to serve again;The Washinngton Post;1;1;0
GOP challengers make gains but lose bid to oust hard right in North Idaho;The Washinngton Post;1;1;0
Here’s who was charged in the Arizona 2020 election interference case;The Washinngton Post;1;1;0
Rudy Giuliani and other Trump allies plead not guilty in Arizona;The Washinngton Post;1;1;0
Pro-Trump lawyer John Eastman pleads not guilty to Arizona charges;The Washinngton Post;1;1;0
Rudy Giuliani still hasn’t been served his Arizona indictment;The Washinngton Post;1;1;0
Wisconsin’s top court signals it will reinstate ballot drop boxes;The Washinngton Post;1;1;0
In top races, Republicans try to stay quiet on Trump’s false 2020 claims;The Washinngton Post;1;1;0
GEORGIA 2020 ELECTION INVESTIGATION, Trump’s unprecedented trial is unremarkable for some swing voters;The Washinngton Post;1;1;0
GEORGIA 2020 ELECTION INVESTIGATION, How Rudy Giuliani tried, and failed, to avoid his latest indictment;The Washinngton Post;1;1;0
GEORGIA 2020 ELECTION INVESTIGATION, Fani Willis campaigns to keep her job — and continue prosecuting Trump;The Washinngton Post;1;1;0
GEORGIA 2020 ELECTION INVESTIGATION, Pro-Trump lawyer John Eastman pleads not guilty to Arizona charges;The Washinngton Post;1;1;0
GEORGIA 2020 ELECTION INVESTIGATION, Rudy Giuliani still hasn’t been served his Arizona indictment;The Washinngton Post;1;1;0
GEORGIA 2020 ELECTION INVESTIGATION, Meadows, Giuliani and other Trump allies charged in Arizona 2020 election probe;The Washinngton Post;1;1;0
GEORGIA 2020 ELECTION INVESTIGATION, Gateway Pundit to file for bankruptcy amid election conspiracy lawsuits;The Washinngton Post;1;1;0
Trump insists his trial was rigged … just like everything else;The Washinngton Post;1;0;0
Samuel Alito has decided that Samuel Alito is sufficiently impartial;The Washinngton Post;1;0;0
Biden campaign edges in on Trump trial media frenzy with De Niro outside court;The Washinngton Post;1;1;0
Trump endorses Va. state Sen. McGuire over Bob Good for Congress;The Washinngton Post;1;0;0
Marine veteran who carried tomahawk in Jan. 6 riot gets two-year sentence;The Washinngton Post;1;1;0
Republicans have a new new theory of why Biden should be impeached;The Washinngton Post;1;0;0
D.C. court temporarily suspends Trump lawyer John Eastman’s law license;The Washinngton Post;1;1;0
Hope Hicks witnessed nearly every Trump scandal. Now she must testify.;The Washinngton Post;1;1;0
Texas man gets five-year prison term, $200,000 fine in Jan. 6 riot case;The Washinngton Post;1;1;0
Shrugging at honoring the 2024 vote, at political violence and at Jan. 6;The Washinngton Post;1;1;0
Noncitizen voting is extremely rare. Republicans are focusing on it anyway.;The Washinngton Post;1;1;0
In Arizona, election workers trained with deepfakes to prepare for 2024;The Washinngton Post;1;1;0
The ‘Access Hollywood’ video cemented Trump’s air of invincibility;The Washinngton Post;1;0;0
Arizona defendant Christina Bobb plays key role on RNC election integrity team;The Washinngton Post;1;0;0
Meadows, Giuliani and other Trump allies charged in Arizona 2020 election probe;The Washinngton Post;1;1;0
Wisconsin Supreme Court liberal won’t run again, shaking up race for control;The Washinngton Post;1;1;0
New voting laws in swing states could shape 2024 election;The Washinngton Post;1;1;0
Wisconsin becomes latest state to ban private funding of elections;The Washinngton Post;1;1;0
South Carolina latest state to use congressional map deemed illegal;The Washinngton Post;1;1;0
Kari Lake won’t defend her statements about Arizona election official;The Washinngton Post;1;1;0
Federal officials say 20 have been charged for threatening election workers;The Washinngton Post;1;1;0
With push from Trump, Republicans plan blitz of election-related lawsuits;The Washinngton Post;1;0;0
Former Milwaukee election official convicted of absentee ballot fraud;The Washinngton Post;1;1;1
Pro-Trump disruptions in Arizona county elevate fears for the 2024 vote;The Washinngton Post;1;1;0
Some college students find it harder to vote under new Republican laws;The Washinngton Post;1;1;0
Election 2024 latest news: Republicans seek revenge for Trump conviction in hush money case;The Washinngton Post;1;1;0
Trump falsely claims he never called for Hillary Clinton to be locked up;The Washinngton Post;1;1;0
President Biden issues statement as Hunter faces felony gun charges in historic first;Fox News;1;1;0
Fauci grilled on the science behind forcing 2-year-olds to wear masks;Fox News;1;0;0
Tourist hotspot shocks world by changing laws to ban Jews from entering country;Fox News;1;0;0
Hotel near Disney gets wake-up call from parents over inappropriate Pride decor;Fox News;1;0;0
Kathy Griffin still facing consequences for gruesome Trump photo 7 years later;Fox News;1;0;0
Defendants who do not have a lawyer must be released from jail, court rules;Fox News;1;1;0
COVID investigators press Fauci on lack of 'scientific' data behind pandemic rules;Fox News;1;1;0
Presidential historian warns second Trump term would lead to ‘dictatorship and anarchy’;Fox News;1;1;0
Netanyahu says Biden presented 'incomplete' version of Gaza cease-fire;Fox News;1;1;0
House Democrat announces severe health diagnosis, says she's 'undergoing treatment';Fox News;1;1;0
Biden uses billions of dollars of your money to buy himself votes;Fox News;1;0;0
Trump vows to take action against generals pushing 'wokeness';Fox News;1;0;1
Democrats, progressives cheering Trump verdict should be mourning this loss instead;Fox News;1;1;0
Maldives bans Israelis from entering country during war in Gaza;Fox News;1;1;0
Texas GOP leaders react to new chair, sweeping policy proposals for Lone Star State;Fox News;1;0;1
Trump guilty verdict reveals split among former GOP presidential primary opponents;Fox News;1;1;1
CNN reporter warns Biden's polling as incumbent in presidential primary is historically 'weak, weak, weak';Fox News;1;1;0
Trump’s campaign rival decides between voting for him or Biden;Fox News;1;0;1
Trump-endorsed Brian Jack advances to Georgia GOP primary runoff;Fox News;1;0;1
Warning signs for Biden Trump as they careen toward presidential debates;Fox News;1;1;0
Trump denies report claiming Nikki Haley is 'under consideration' for VP role: 'I wish her well!';Fox News;1;0;1
Nikki Haley to thank donors, but Trump's last GOP rival not expected to endorse former president;Fox News;1;0;0
Senator's fundraising skill could be winning ticket for Trump's veepstakes;Fox News;1;0;1
With DNC nomination set for after Ohio deadline, legislators negotiate to ensure Biden is on ballot;Fox News;1;1;0
RFK, Jr denounces 'spoiler' label, rejects Dem party loyalty concerns: 'I'm trying to hurt both' candidates;Fox News;1;0;1
Locking it up: Biden clinches 2024 Democrat presidential nomination during Tuesday's primaries;Fox News;1;1;0
Locking it up: Trump, Biden, expected to clinch GOP, Democrat presidential nominations in Tuesday's primaries;Fox News;1;1;0
Biden returns to the key battleground state he snubbed in the presidential primaries;Fox News;1;1;0
Dean Phillips ends long-shot primary challenge against Biden for Democratic presidential nomination;Fox News;1;1;0
Who is Jason Palmer, the obscure presidential candidate who delivered Biden's first 2024 loss?;Fox News;1;0;0
Super Tuesday boosting Trump closer to clinching GOP nomination as Haley makes possible last stand;Fox News;1;1;0
Democratic presidential candidate announces campaign layoffs, vows to remain in race: 'Really tough day';Fox News;1;1;0
Trump world, Democrats unite in trolling Nikki Haley after loss to 'literally no one' in Nevada primary;Fox News;1;0;0
Biden and Haley are on the ballot, but not Trump, as Nevada holds presidential primaries;Fox News;1;1;0
Biden likes his odds in Vegas after a South Carolina landslide as he moves toward likely Trump rematch;Fox News;1;1;0
DNC chair Harrison message to Nikki Haley: South Carolina Democrats are ‘not bailing you out’;Fox News;1;1;0
South Carolina Democrats expected to once again boost Biden as they kick off party's primary calendar;Fox News;1;1;0
Biden aims to solidify support with Black voters as he seeks re-election to White House;Fox News;1;1;0
Biden tops Trump in new poll, but lead shrinks against third-party candidates;Fox News;1;1;0
Lack of enthusiasm for Biden among New Hampshire Dems could spell trouble for his reelection bid: strategists;Fox News;1;1;0
Biden wins New Hampshire Democrat primary after write-in campaign;Fox News;1;1;0
Dean Phillips says he's 'resisting the delusional DNC' by primary challenging 'unelectable' Biden;Fox News;1;0;0
New Hampshire primary could send Biden a message he doesn't want to hear;Fox News;1;1;0
Biden challenger Dean Phillips says Dems quashing primary process is 'just as dangerous as the insurrection';Fox News;1;0;0
Biden challenger Dean Phillips faces FEC complaint lodged by left-wing group;Fox News;1;0;0
Biden trolls DeSantis, Haley, Trump with giant billboards ahead of fourth GOP presidential debate;Fox News;1;1;0
Dean Phillips says it will be 'game on' with Biden if he can pull off a 'surprise' showing in first primary;Fox News;1;0;0
New Hampshire holds to tradition, thumbs its nose at President Biden;Fox News;1;1;0
More 2024 headaches for Biden as list of potential presidential challengers grows;Fox News;1;1;0
Trump guilty verdict reveals split among former GOP presidential primary opponents;Fox News;1;1;0
Nikki Haley to thank donors, but Trump's last GOP rival not expected to endorse former president;Fox News;1;0;0
Pence blasts Trump's 'slap in the face' announcement on key issue for Christian voters;Fox News;1;0;0
Top Trump VP prospect plans summer wedding weeks after GOP convention;Fox News;1;0;0
No Labels reaches out to a former GOP presidential candidate regarding their pending third-party ticket;Fox News;1;1;0
Trump's endorsements hailed as 'most powerful...in modern political history' after victories in OH, IL, CA;Fox News;1;0;0
Centrist group No Labels sets up panel to select third-party presidential ticket;Fox News;1;1;0
RNC shakeup: New Trump leadership slashes dozens of Republican National Committee staffers;Fox News;1;1;1
Party takeover: Trump installs top ally and daughter-in-law to steer Republican National Committee;Fox News;1;1;1
Trump set to take over Republican Party by installing key ally, daughter-in-law to lead RNC;Fox News;1;1;1
Super Tuesday boosting Trump closer to clinching GOP nomination as Haley makes possible last stand;Fox News;1;1;1
Trump scores slew of Republican presidential nomination victories ahead of Super Tuesday;Fox News;1;1;1
Trump running mate screen tests: Potential contenders audition for vice presidential nod;Fox News;1;1;1
Trump defeats Haley in Missouri's Republican caucuses;Fox News;1;1;1
Nikki Haley bets it all on Super Tuesday after dismal primary night down south;Fox News;1;1;1
Trump wins South Carolina primary against Haley in her home state, moves closer to clinching GOP nomination;Fox News;1;1;1
Nikki Haley says no chance of being Trump VP, says she 'would’ve gotten out already';Fox News;1;1;1
Trump expected to move closer to clinching GOP presidential nomination with likely big win over Haley in SC;Fox News;1;1;1
Photo shows the judges who will hear the appeal of former President Donald Trump’s criminal conviction.;FALSE;0;1;0
Under federal law, former President Donald Trump’s “felony convictions mean he can no longer possess guns.”;TRUE;1;1;0
Pfizer sued Barbara O’Neill “because she exposed secrets that will keep everyone safe from the bird flu outbreak.”;FALSE;0;0;0
Photo shows former President Donald Trump in police custody May 30.;FALSE;0;0;0
"Jesse Watters stated on May 28, 2024 in a segment of ""Jesse Watters Primetime"" on Fox News: Judge Juan Merchan “overrules every objection from the defense and sustains every objection from the prosecution” during former President Donald Trump’s New York trial.";FALSE;0;1;0
“Trump is no longer eligible to run for president and must drop out of the race immediately.”;FALSE;0;1;0
Joe Biden told West Point graduates that “he is not planning to accept the results of the 2024 election” and he wants them to “stand back and stand by” to ensure Donald J. Trump doesn’t win.;FALSE;0;0;0
Noncitizens in Washington, D.C., “can vote in federal elections.”;FALSE;0;0;0
"""Warner Bros Cancels $10 Million Project Starring 'Woke' Robert De Niro.”";FALSE;0;0;1
“The Simpsons” predicted Sean Combs’ legal problems.;FALSE;0;0;0
Judge Juan Merchan told New York jurors the verdict in Donald Trump’s trial does not need to be unanimous.;FALSE;0;0;0
"When Secretary of State Antony Blinken was in Ukraine recently ""he announced that they were going to suspend elections in Ukraine.""";FALSE;0;0;0
“(Actress) Candice King calls out Rafah massacre and beheaded babies.”;FALSE;0;1;0
NFL referees “flex their authority, eject five players” for kneeling during the national anthem.;FALSE;0;0;0
“Beyoncé offered Kid Rock millions to join him on stage at a few of his shows.”;FALSE;0;1;0
Image shows a replica of the Statue of Liberty built from the ruins of a Syrian artist’s house.;FALSE;0;0;0
“Elon Musk fires entire cast of 'The View' after acquiring ABC.”;FALSE;0;0;0
“Prince William announces heartbreak: ‘My wife, it’s over.’”;FALSE;0;1;0
Joe Biden stated on May 15, 2024 in a speech at a police memorial service: “Violent crime is near a record 50-year low.”;TRUE;1;0;0
Alex Jones stated on May 20, 2024 in an X post: “All of the satellite weather data for the day of the Iranian president’s crash has been removed.”;FALSE;0;0;1
Brian Schimming stated on March 6, 2024 in Media call: “We’ve had 12 elections in 24 years in Wisconsin that have been decided by less than 30,000 votes.”;TRUE;1;1;1
Sarah Godlewski stated on March 3, 2024 in Public appearance: “When it comes to how many votes (President) Joe Biden won, it was literally less than a few votes per ward.”;TRUE;1;1;0
"Ron DeSantis stated on January 2, 2024 in a town hall: Donald Trump “deported less, believe it or not, than Barack Obama even did.""";TRUE;1;0;0
Nikki Haley stated on December 14, 2023 in a town hall in Atkinson, New Hampshire: “We’ve had more Americans die of fentanyl than the Iraq, Afghanistan, and Vietnam wars, combined.”;TRUE;1;0;1
Melissa Agard stated on October 17, 2023 in Public appearance: “Since 1981, the state Senate has only rejected five executive appointments. The GOP today is more than doubling that number.”;TRUE;1;1;0
"Paul Ryan stated on February 23, 2023 in TV interview: ""WOW county swing suburban voters (in Wisconsin) don't vote for Donald Trump.”";TRUE;1;1;0
"Melissa Agard stated on January 3, 2023 in TV interview: ""Historically, our spring elections (including for state Supreme Court) have a smaller turnout associated with them.""";TRUE;1;1;0
"iquid Death stated on October 27, 2022 in an ad: In Georgia, it's ""illegal to give people water within 150 feet of a polling place"" and ""punishable by up to a year in prison.""";TRUE;1;1;1
Joni Ernst stated on January 23, 2022 in an interview: In Iowa, “since we have put a number of the voting laws into place over the last several years — voter ID is one of those — we've actually seen voter participation increase, even in off-election years.”;TRUE;1;0;1
"Chris Larson stated on September 10, 2021 in Twitter: The GOP-controlled Legislature has ""refused to act on at least 150"" appointees of Gov. Tony Evers.";TRUE;1;1;0
hip Roy stated on July 29, 2021 in a hearing: A quorum-breaking Texas Democrat said in 2007 that mail-in ballot fraud “is the greatest source of voter fraud in this state.”;TRUE;1;0;1
Robert Martwick stated on May 10, 2021 in a podcast interview: Opposition to having a fully elected Chicago Board of Education is in the “super minority.”;TRUE;1;1;0
"Jenna Wadsworth stated on January 26, 2021 in a tweet: North Carolina Secretary of State Elaine Marshall ""has won more statewide races than probably anyone else alive.""";TRUE;1;1;0
"Devin LeMahieu stated on January 10, 2021 in a TV interview: ""It takes quite a while on Election Day to load those ballots, which is why we have the 1 a.m. or 3 a.m. ballot dumping in Milwaukee.""";TRUE;1;0;1
"Bird flu in the U.S. is a ""scamdemic"" timed to coincide with the 2024 presidential elections “by design.”";FALSE;0;0;0
Fired Milwaukee election leader “printed 64,000 ballots in a back room at City Hall in Milwaukee and had random employees fill them out,” giving Joe Biden the lead.;FALSE;0;0;0
Mike Johnson stated on May 8, 2024 in a press conference: “The millions (of immigrants) that have been paroled can simply go to their local welfare office or the DMV and register to vote.”;FALSE;0;0;0
“Voter fraud investigations are being banned by Michigan lawmakers!”;FALSE;0;0;1
“There is no campaigning going on, none whatsoever.”;FALSE;0;0;0
President Joe Biden “can suspend presidential elections ‘if’ a new pandemic hits the U.S.” under Executive Order 14122.;FALSE;0;0;0
Donald Trump stated on April 16, 2024 in statement to the media in New York City: “This trial that I have now, that’s a Biden trial.”;FALSE;0;0;1
Document shows “Stormy Daniels exonerated Trump herself!”;FALSE;0;0;0
"“You’ve probably heard that Taylor Swift is endorsing Joe B.""";FALSE;0;1;0
“Nancy Pelosi busted, Speaker (Mike) Johnson just released it for everyone to see.”;FALSE;0;0;1
Photos of Pennsylvania vote tallies on CNN prove the 2020 election was stolen.;FALSE;0;0;0
A Social Security Administration database shows “how many people each of the 43 states are registering to vote who DO NOT HAVE IDs.”;FALSE;0;0;0
Alina Habba said New York Supreme Court Justice Arthur Engoron took a “$10 million bribe from Joe Biden’s shell companies to convict Donald Trump.”;FALSE;0;0;0
More than 2 million people registered to vote so far this year without photo ID in Arizona, Pennsylvania and Texas.;FALSE;0;0;1
"Robert F. Kennedy Jr. stated on April 1, 2024 in an interview on CNN: “President Biden is the first candidate in history, the first president in history, that has used the federal agencies to censor political speech ... to censor his opponent.""";FALSE;0;0;1
Texas found that 95,000 noncitizens were registered to vote.;FALSE;0;0;1
Derrick Van Orden stated on April 1, 2024 in X, formerly Twitter: You can vote in-person absentee at your clerk’s office on Monday before Election Day.;FALSE;0;1;1
Video Shows Crowd Celebrating Trump's Guilty Verdict? The clip surfaced after a Manhattan jury found the former U.S. president guilty of falsifying business records.;FALSE;0;0;0
New Study' Found 10 to 27% of Noncitizens in US Are Registered to Vote?;FALSE;0;0;1
Nikki Haley Wrote 'Finish Them' on Artillery Shell in Israel?;TRUE;1;0;0
'Trump Mailer' Warned Texans Would Be 'Reported' to Him If They Didn't Vote?;TRUE;1;0;0
'143 Democrats' Voted in Favor of Letting Noncitizens Vote in US Elections?;FALSE;0;0;0
Elon Musk Agreed to Host Presidential Debate Between Biden, Trump and RFK Jr.?;TRUE;1;0;0
'Unified Reich' Reference Contained in Video Posted to Trump's Truth Social Account?;TRUE;1;0;0
Tom Hanks Wore T-Shirt with Slogan 'Vote For Joe, Not the Psycho'? The image went viral in May 2024.;FALSE;0;0;0
Trump Stopped Speaking for 35 Seconds During NRA Speech?;TRUE;1;0;0
Multiple Polls Say Biden Is Least Popular US President in 70 Years?;TRUE;1;0;1
"Trump Supporters Wore Diapers at Rallies? Images showed people holding signs that said ""Real men wear diapers.""";TRUE;1;0;0
Taylor Swift and Miley Cyrus Said They Will Leave US If Trump Wins 2024 Election?;FALSE;0;0;0
"Biden Finished 76th Academically in a Class of 85 at Syracuse University College of Law in 1968? ""The Democrats literally pick from the bottom of the barrel,"" a user on X (formerly Twitter) claimed.";TRUE;1;0;1
"Biden Claimed His Uncle Was Eaten by Cannibals. Military Records Say Otherwise. President Joe Biden made remarks about his uncle, 2nd Lt. Ambrose J. Finnegan Jr., also known as ""Bosie,"" while speaking in Pittsburgh in April 2024.";FALSE;0;0;0
During Trump's Presidency, US Job Growth Was Worst Since Hoover and the Great Depression? President Joe Biden made this claim while delivering remarks in Scranton, Pennsylvania, in April 2024.;TRUE;1;1;0
"U.S. President Biden said 8-10 year old children should be allowed to access ""transgender surgery.""";FALSE;0;0;0
U.S. President Joe Biden was arrested as a kid while standing on a porch with a Black family as white people protested desegregation.;FALSE;0;0;0
Inflation was at 9% when U.S. President Joe Biden took office in January 2021.;FALSE;0;0;1
"U.S. President Joe Biden posted a picture of a notepad on X (formerly Twitter) reading, ""I'm stroking my s*** rn.""";FALSE;0;0;0
In a video of U.S. President Joe Biden visiting a Sheetz convenience store in April 2024, people can be genuinely heard yelling expletives at him.;FALSE;0;0;0
A screenshot circulating on social media in April 2024 shows Joe Biden asleep during a press conference in 2021 with then-leader of Israel Naftali Bennett.;FALSE;0;0;0
"U.S. President Joe Biden's administration banned ""religious symbols"" and ""overtly religious themes"" from an Easter egg art contest affiliated with the White House.";FALSE;0;0;0
The $1.2 trillion spending bill signed into law by Biden on March 23, 2024, included a provision that effectively banned the flying of pride flags over U.S. embassies.;TRUE;1;0;0
A photograph shared on social media in March 2024 showed U.S. President Joe Biden holding a gun in a woman's mouth.;FALSE;0;0;0
"NPR published an article with the headline, ""We watched the State of the Union with one undecided voter. She wasn't that impressed.""";TRUE;1;0;0
The White House announced that U.S. President Joe Biden's 2024 State of the Union speech would feature two intermissions.;FALSE;0;0;0
The U.S. Department of Veterans Affairs under President Joe Biden banned the displaying in its offices of the iconic photo of a U.S. Navy sailor kissing a woman in Times Square following the end of WWII.;FALSE;0;0;0
During former U.S. President Donald Trump's term in office, the U.S. suffered the lowest job growth and highest unemployment rate since the Great Depression.;TRUE;1;0;0
Executive Order 9066, signed by U.S. President Joe Biden, provides immigrants who enter the United States illegally a cell phone, a free plane ticket to a destination of their choosing and a $5000 Visa Gift Card.;FALSE;0;0;0
"Former U.S. President Donald Trump said the real ""tragedy"" was not the Feb. 14, 2024, shooting at the Kansas City Chiefs Super Bowl victory parade but rather his 2020 election loss.";FALSE;0;0;0
White House Press Secretary Karine Jean-Pierre told Fox News' Peter Doocy that she did not want to engage with him on the question of U.S. President Joe Biden's mental health in connection to Biden's gaffe about speaking to long-dead French President Francois Mitterrand in 2021.;TRUE;1;0;0
Rapper Killer Mike was arrested by police at the Grammys in February 2024 because he refused to endorse Joe Biden in the 2024 presidential race.;FALSE;0;0;0
"A video shared in early 2024 showed U.S. President Joe Biden playfully ""nibbling"" on the shoulder of a child who appears to be a toddler-aged girl.";TRUE;1;0;0
White House Press Secretary Karine Jean-Pierre announced in January 2024 that U.S. President Joe Biden had an IQ of 187.;FALSE;0;0;0
"Trump is the only U.S. president in the last 72 years (since 1952) not to ""have any wars.""";FALSE;0;0;0
"In August 2007, then-U.S. Sen. Joe Biden said ""no great nation"" can have uncontrolled borders and proposed increased security along the U.S.-Mexico border, including a partial border fence and more Border Patrol agents.";TRUE;1;1;1
"A video shared on Dec. 10, 2023, showed a crowd chanting ""F*ck Joe Biden"" during an Army-Navy football game.";FALSE;0;0;0
"A video recorded in November 2023 authentically depicts a U.S. military chaplain praying alongside U.S. President Joe Biden to ""bring back the real president, Donald J. Trump.""";FALSE;0;0;0
A physical book detailing the contents of Hunter Biden's abandoned laptop is being sold for $50.;TRUE;1;0;1
A photograph authentically shows Joe Biden biting or nipping one of Jill Biden's fingers at a campaign event in 2019.;TRUE;1;0;0
As Trump-era public health order Title 42 expired on May 11, 2023, the Biden administration implemented another restrictive policy pertaining to asylum-seekers. Similar to a Trump-era rule, this one disqualifies migrants from U.S. protection if they fail to seek refuge in a third country, like Mexico, before crossing the U.S. southern border.;TRUE;1;0;0
U.S. President Joe Biden is considering placing voting restrictions on Twitter Blue subscribers ahead of the 2024 presidential elections.;FALSE;0;0;0
In April 2023, Twitter CEO Elon Musk designated U.S. President Joe Biden's personal Twitter account as a business account with a community flag.;FALSE;0;0;0
The daughter of the judge assigned to the hush-money criminal case of Republican former U.S. President Donald Trump worked for Democratic campaigns involving Vice President Kamala Harris and President Joe Biden.;TRUE;1;0;0
In March 2023, President Joe Biden was seen exiting Air Force One with a little boy dressed up as a girl.;FALSE;0;0;0
In a February 2023 video message, U.S. President Joe Biden invoked the Selective Service Act, which will draft 20-year-olds through lottery to the military as a result of a national security crisis brought on by Russia’s invasion of Ukraine.;FALSE;0;0;0
"Video footage captured Ukrainian President Volodymyr Zelenskyy's ""body double"" walking behind him in February 2023.";FALSE;0;0;0
A photograph shared on social media in June 2019 showed former Vice President Joe Biden with the Grand Wizard of the Ku Klux Klan.;FALSE;0;0;0
During his February 2023 visit to Poland, photos showed U.S. President Joe Biden with a bruised forehead from falling.;FALSE;0;0;0
A video authentically shows U.S. President Joe Biden tumbling down airplane stairs as he disembarked from Air Force One on a trip to Poland in February 2023.;FALSE;0;0;0
A video of U.S. President Joe Biden from 2015 shows him promoting an agenda to make “white Americans” of European descent an “absolute minority” in the U.S. through “nonstop” immigration of people of color.;FALSE;0;0;0
Video accurately showed someone claiming to be U.S. Vice President Kamala Harris sitting behind U.S. President Joe Biden at his State of the Union speech on Feb. 7, 2023. The person’s mask appears to be slipping off through loose-appearing skin around her neck, proving that she is posing as Harris.;FALSE;0;0;0
"While making a speech on reproductive rights on Jan. 22, 2023, U.S. Vice President Kamala Harris mentioned ""liberty"" and ""the pursuit of happiness,"" but did not mention ""life"" when referring to the rights we are endowed with in the Declaration of Independence.";TRUE;1;0;0
Federal law does not give U.S. vice presidents authority to declassify government documents.;FALSE;0;0;1
U. S. President Joe Biden was building a wall on his beach house property using taxpayer money in 2023.;TRUE;1;0;0
U.S. President Joe Biden’s administration is planning to ban gas stoves over concerns surrounding climate change.;FALSE;0;0;0
Photographs of President-elect Joe Biden's earlobes over time shows an individual stands in as him for some public events.;FALSE;0;0;0
A 2018 photograph authentically shows U.S. Rep. Kevin McCarthy at a World Economic Forum panel in Davos, Switzerland, alongside Elaine Chao, then-U.S. Transportation secretary and wife of U.S. Sen. Mitch McConnell.;TRUE;1;0;0
Pope Benedict XVI requested that U.S. President Joe Biden not be invited to his funeral.;FALSE;0;0;0
After he became vice president in 2008, current U.S. President Joe Biden gave his uncle, Frank H. Biden, a Purple Heart for his military service in the Battle of the Bulge during World War II.;FALSE;0;0;0
Paul Whelan received a punitive discharge from the Marines.;TRUE;1;0;0
"A diary authored by U.S. President Joe Biden's daughter, Ashley Biden, describes showers taken with her father when she was a child as ""probably not appropriate.""";TRUE;1;0;0
As of Dec. 1, 2022, U.S. President Joe Biden had not visited the U.S.-Mexico border since taking office in early 2021.;TRUE;1;0;0
"U.S. President Joe Biden's use of ""cheat sheets"" or instructions at public events is an unusual practice.";FALSE;0;0;0
First lady Jill Biden was a teenager working as the Biden family babysitter when she started dating President Joe Biden.;FALSE;0;0;0
A Prague newspaper termed the American people a 'confederacy of fools' for electing Joe Biden.;FALSE;0;0;0
President Joe Biden signed an executive order in 2021 allowing the U.S. to fund abortions abroad.;FALSE;0;0;0
A picture shows Vice President Joe Biden groping Stephanie Carter, wife of former defense secretary Ash Carter, during a government ceremony.;FALSE;0;0;0